class,accuracy
0,0.9625693160813309
1,0.9679358717434869
2,0.9977578475336323
3,0.8281622911694511
